timestamp,value
1772933705.6868377,61092.69809946954
1772933705.7390049,-8382.712581512906
1772933705.7390354,-7918.216153345078
1772933705.7390506,3780.74423627394
1772933705.7390604,12101.364834419155
1772933705.7390695,4780.026852745414
1772933705.7390792,-11766.642070311033
1772933705.7390883,-17201.27528242731
1772933705.739097,1495.7044445580125
1772933705.7391067,35303.63464967688
1772933705.7391152,60211.31921090463
1772933705.8083427,-9859.985040000698
1772933705.8083663,-720.1085365566277
1772933705.8083756,10178.573050427944
1772933705.8083863,7191.513082261591
1772933705.808396,-6707.101146256368
1772933705.8084044,-12467.306210606443
1772933705.8084123,-559.3476504492108
1772933705.8084204,14226.461828308147
1772933705.8084283,10458.700047303195
1772933705.8084364,-10617.169926386234
1772933705.808444,-22335.66780818388
1772933705.8084517,-2682.6439514932317
1772933705.8084593,38132.20591049025
1772933705.808467,66177.99453086269
1772933705.904704,-66933.19678057895
1772933706.0493288,-1664.5040018199347
1772933706.0493667,3439.794167840533
1772933706.049382,5451.258619470388
1772933706.0493903,1481.2372402751726
1772933706.049398,-2882.7450628505635
1772933706.049406,-1437.5177876903526
1772933706.0494137,3826.056432629708
1772933706.0494213,5464.351451643333
1772933706.0494287,1100.337411041388
1772933706.0494363,-3133.9624617736044
1772933706.0494444,-1207.102717336296
1772933706.0494528,4230.13072481548
1772933706.0494604,5487.836560752733
1772933706.049468,702.5100280967281
1772933706.0494783,-3413.2401441104635
1772933706.0494876,-978.6663929532766
1772933706.0494957,4663.485655533509
1772933706.0495055,5529.465865577184
1772933706.049514,277.366508300975
1772933706.0495217,-3735.7232648293943
1772933706.0495293,-747.065843899861
1772933706.0495372,5152.122396341722
1772933706.0495443,5605.743565961393
1772933706.049552,-190.97286707780884
1772933706.0495596,-4129.642419293146
1772933706.049567,-510.6260782843791
1772933706.0495744,5733.747598660381
1772933706.049582,5742.972039503116
1772933706.0495894,-729.3493963802979
1772933706.049597,-4645.765871960787
1772933706.0496047,-270.22215513860436
1772933706.049612,6473.940539620987
1772933706.0496194,5992.015144153425
1772933706.138774,-1410.0347658880414
1772933706.1388097,-5395.23756365229
1772933706.138821,-0.3017590537875076
1772933706.219043,-118240.60477722535
1772933706.2351325,37937.87126253838
1772933706.3897407,69771.08480419357
1772933706.389779,49004.36095872814
1772933706.389789,3629.9858144109053
1772933706.3897984,-20650.36933565797
1772933706.3898067,-9897.91486780009
1772933706.3898184,11443.325106635484
1772933706.3898299,15671.18420304592
1772933706.389838,2604.89962352852
1772933706.3898487,-7416.156160441225
1772933706.3898585,-2583.3761556180234
1772933706.3898673,7829.555426307497
1772933706.3898747,9287.63217782937
1772933706.389883,1465.006384076762
1772933706.389891,-3732.375358256802
1772933706.3898993,317.28292267999893
1772933706.389907,6866.798776956026
1772933706.3899148,6552.441361823949
1772933706.389923,475.9125267159883
1772933706.3899312,-2254.6832965828457
1772933706.3899388,2139.272923161217
1772933706.3899467,6998.386758467252
1772933706.3899543,5064.259161232388
1772933706.389963,-958.2051646703235
1772933706.3899708,-2086.8606607776537
1772933706.3899782,3965.870279110401
1772933706.389986,8717.858724094534
1772933706.3899937,4301.372814195469
1772933706.3900013,-4448.419380284595
1772933706.3900092,-4507.872683801987
1772933706.3900166,7730.581178221455
1772933706.3900242,17652.30385037674
1772933706.3900318,6094.507797553906
1772933706.3900392,-27541.227882236286
1772933706.3900464,-59413.55808350678
1772933706.4640307,-6356.78065512988
1772933706.4640515,-18405.559549491547
1772933706.4640615,-3016.4024676387253
1772933706.4640725,35953.81094151454
1772933706.4640815,67261.37660306248
1772933706.8075297,-62038.6068591271
1772933706.8075595,-70026.02560386354
1772933706.80757,-35214.92573776329
1772933706.8075793,14391.83110381654
1772933706.8075883,35255.95493666941
1772933706.807597,9907.347429542911
1772933706.807606,-37531.763480359106
1772933706.8076136,-66611.63260886082
1772933706.8076212,-57927.280401632284
1772933706.807629,-24945.7451041394
1772933706.8076367,5353.442176716736
1772933706.8076446,16774.065802008976
1772933706.8076527,10330.264242592597
1772933706.8076608,-3597.847387962036
1772933706.8076687,-11992.108610466734
1772933706.8076768,-2486.804124365868
1772933706.8076847,28220.0991334736
1772933706.8076923,63929.45305879822
1772933706.9992876,3745.41798120337
1772933706.9993196,5226.0210694908055
1772933706.9993305,3765.203775142743
1772933706.9993405,1346.5885688759172
1772933706.9993498,2596.3331084920114
1772933706.9993591,6549.884900580297
1772933706.9993718,6883.939653245413
1772933706.9993827,1803.2274561099425
1772933706.9993916,-1525.6370207063035
1772933706.9994028,3175.8117013704805
1772933706.9994128,10344.005665908086
1772933706.999421,8502.66080814239
1772933707.1699345,-2279.907284451496
1772933707.1699653,-6624.637985388715
1772933707.1699753,5912.3482601465075
1772933707.1699846,21386.39483370155
1772933707.1699936,12694.998387512982
1772933707.170002,-26082.174133733297
1772933707.2662933,-64646.53237468636
1772933707.455109,-65304.98111267313
1772933707.455129,-25770.654329159206
1772933707.455139,15758.853486213764
1772933707.7242715,-33046.66315774119
1772933707.7243056,-13002.64297285029
1772933707.7243176,-4369.06280819634
1772933707.7243276,-11907.5758276517
1772933707.7243369,-32397.545777766747
1772933707.8045347,-54957.695348336085
1772933707.820594,-66258.04849621771
1772933707.9541657,66682.76918390268
1772933707.954203,56397.80326588544
1772933707.954214,12377.822959875062
1772933708.136953,37562.6702052308
1772933708.136977,46011.46580446112
1772933708.1369872,68300.07365214884
1772933708.3820465,68797.79119760772
1772933708.382085,34977.15181958888
1772933708.3820932,-6530.906317768745
1772933708.3821025,-20018.69498931418
1772933708.3821096,-1425.0772892512157
1772933708.3821156,18916.359593432946
1772933708.3821216,14054.54606295057
1772933708.3821273,-7558.341528628966
1772933708.3821332,-14810.525829506929
1772933708.3821385,4523.7028276246065
1772933708.3821445,25267.246446151035
1772933708.3821511,13655.58814192755
1772933708.5747375,-61789.554539292825
1772933708.5747654,-36991.23188063899
1772933708.5747783,2264.4178342888713
1772933708.5747893,24078.40734506557
1772933708.5747988,15548.31205175646
1772933708.5748084,-5592.325222335087
1772933708.5748167,-12817.945988954258
1772933708.5748255,-244.30350891309163
1772933708.5748348,13982.489410180804
1772933708.5748432,12084.815865589839
1772933708.5748527,-1960.550722892542
1772933708.5748625,-9261.541918673554
1772933708.5748715,-758.1357441124285
1772933708.6229076,11712.32464767531
1772933708.652006,11595.262224679735
1772933708.6520307,-854.1643313050647
1772933708.652041,-8893.350846847206
1772933708.652052,-1460.6443959587552
1772933708.6520624,11807.410477693453
1772933708.76554,12724.62603053429
1772933708.765565,-882.5685161383645
1772933708.7655764,-11061.862695694816
1772933708.7655854,-2664.5111570431404
1772933708.7655942,14859.263625175245
1772933708.8498423,65240.969623284174
1772933708.849862,36038.14739878627
1772933708.8498716,1154.926211339841
1772933708.84988,-15008.816015486183
1772933708.849888,-7741.506713023659
1772933708.8498964,8166.2079770113505
1772933708.8499045,14814.296305168204
1772933708.8499126,6898.266405265064
1772933708.8499205,-5828.460946980245
1772933708.8499284,-9193.922845400582
1772933708.8499365,1508.4683306797576
1772933708.8499444,16045.893925852808
1772933708.8499525,17450.729149564377
1772933708.84996,-2273.7577206748056
1772933708.849968,-33158.50661767971
1772933708.8499756,-54534.16102282715
1772933709.0366228,-56355.3841093507
1772933709.0366569,-31169.552767630652
1772933709.036672,440.73742308532076
1772933709.036684,17300.919943940775
1772933709.0366964,13392.37986419822
1772933709.036708,48.976300602165985
1772933709.0367243,-7246.478116579563
1772933709.0367465,-2923.379008955859
1772933709.036758,6395.351191095358
1772933709.0367684,10604.883660315503
1772933709.0367765,5801.1703990565875
1772933709.0367844,-2971.560782024718
1772933709.0367918,-6514.325145065637
1772933709.0367992,307.50922894228995
1772933709.0368068,12512.60627041526
1772933709.0368145,16593.100916142786
1772933709.0368223,1272.4944727326758
1772933709.0368297,-29839.704220076474
1772933709.036837,-56754.3655314115
1772933709.1360016,-58305.0510070084
1772933709.136022,-31891.887714702236
1772933709.136032,2293.386036626182
1772933709.1360407,19324.08164141823
1772933709.25355,12404.066239935662
1772933709.2535777,-3065.135355015753
1772933709.2535892,-8023.052510780235
1772933709.2535996,495.7301173340888
1772933709.2536087,9657.633851824965
1772933709.253618,8384.414085026525
1772933709.2536268,5.401980007771403
1772933709.2536356,-4007.4172478955893
1772933709.253644,757.8631663605142
1772933709.2536523,7117.742367506877
1772933709.253661,6756.4902684060135
1772933709.2536695,908.0101273751105
1772933709.253682,-2269.315354893859
1772933709.2536924,1083.2254855569286
1772933709.5266268,131691.60263986303
1772933709.5748377,33621.228464746775
1772933709.57487,603.7091957921386
1772933709.5748801,-10996.53038956326
1772933709.5748897,-3908.447258497047
1772933709.5748985,4377.03684875235
1772933709.5749068,5953.232006545743
1772933709.5749161,6797.966122732734
1772933709.5749247,9267.998912592508
1772933709.574932,2303.6759903349803
1772933709.57494,-23133.086110775697
1772933709.5749476,-54134.90020828249
1772933709.7676857,63023.988324203645
1772933709.7987561,-22713.788914845205
1772933709.798776,-4877.334286961356
1772933709.7987854,38092.8628640278
1772933709.7987945,69653.90094895777
1772933709.93133,63195.74932052055
1772933709.931348,27988.54805957238
1772933709.9313548,-4091.441544274578
1772933709.9313607,-11901.564207239184
1772933709.9313667,-1527.8764647902985
1772933709.9313722,7566.1741859730855
1772933709.931378,5638.469643494822
1772933709.931384,-1087.0308982330616
1772933709.9313896,-2892.838535060174
1772933709.9965491,1048.179382893913
1772933709.9965744,4284.176346666764
1772933709.9965851,2824.9569365353173
1772933709.9965909,-479.0767953191651
1772933709.9965985,-987.4095312469216
1772933709.9966047,1515.947967494853
1772933709.99661,3327.29633366049
1772933709.996616,2155.2439909278464
1772933709.9966211,-159.48810471739154
1772933709.996627,-490.19334484794274
1772933709.9966323,1469.095667910337
1772933709.9966376,3051.901981135578
1772933709.9966433,2193.000241557606
1772933709.996648,33.9307872561831
1772933710.042777,30823.039257946195
1772933710.042797,-30250.758343365753
1772933710.2194965,-63944.22505608108
1772933710.3812032,-110982.14335293381
1772933710.3812473,-26190.585313745956
1772933710.3812594,34765.305847303105
1772933710.381269,26193.669375987723
1772933710.3812792,-15681.868684528254
1772933710.381289,-23462.299000870196
1772933710.3812976,21763.00650244411
1772933710.381307,73604.35181391833
1772933710.4453557,78376.1176424845
1772933710.652331,34681.741520669886
1772933710.6523588,-11883.00853383888
1772933710.6523695,-22791.272080130348
1772933710.6523788,-2901.409645797454
1772933710.6523917,15845.243453215107
1772933710.6524029,13665.394328838303
1772933710.6524117,-1707.8288802653365
1772933710.6524236,-11664.657113523901
1772933710.652434,-7467.858563944556
1772933710.6524427,5881.479837313645
1772933710.6524513,16888.267995641156
1772933710.65246,13877.292389236967
1772933710.9936805,64897.7216171892
1772933710.993712,47027.19811305876
1772933710.9937232,479.89383600771055
1772933710.9937336,-35010.70583600807
1772933710.9937425,-20775.19253601333
1772933710.9937525,34825.11727686355
1772933710.993762,79434.9455972152
1772933711.0960011,12531.258339946751
1772933711.0960233,-40189.52671715182
1772933711.0960293,-74951.07771229807
1772933711.2808015,-61450.15291835107
1772933711.2808273,-18550.369204495775
1772933711.2808373,11536.69713809726
1772933711.2808456,10580.989022629448
1772933711.2808545,-3230.366095940264
1772933711.2808626,-5747.221471453531
1772933711.280871,3580.0761482618564
1772933711.2808788,8196.171206564039
1772933711.3681567,57096.79082994875
1772933711.368177,32769.54335581079
1772933711.3681867,11316.975328349441
1772933711.3681974,-6522.604455495941
1772933711.3682077,-31201.998891847783
1772933711.368216,-57099.710113451234
1772933711.5248008,-61332.67803602175
1772933711.5248287,-33526.36864812018
1772933711.5248387,4686.989051990803
1772933711.5248477,20713.532688944208
1772933711.5248573,7745.208342319623
1772933711.524866,-9806.250125552207
1772933711.5248744,-8596.430648481386
1772933711.5248826,6098.986684250135
1772933711.524891,11896.643100735002
1772933711.67846,3172.220029466223
1772933711.6785004,-10423.908752907022
1772933711.6785133,-8636.076886374452
1772933711.6785233,5663.73418543505
1772933711.6785324,11852.61864646083
1772933711.678542,697.2019697987587
1772933711.6785517,-12318.573321569856
1772933711.6785607,-8054.212520974907
1772933711.6785688,9066.101675617505
1772933711.6785772,15045.403348188896
1772933711.6785855,-1765.1710647444106
1772933711.6785936,-21480.008273556752
1772933711.6786017,-12701.475148792739
1772933711.6786098,29737.543580956764
1772933711.6786182,73245.48725410462
1772933711.923437,62703.28314698576
1772933711.9234786,22427.812056985535
1772933711.9234948,-11265.365454022627
1772933711.9235075,-13457.838500704433
1772933711.9235165,3167.710355084084
1772933711.9235268,9292.373347175215
1772933711.9235363,-4298.61077935299
1772933711.923545,-17307.429625475743
1772933711.9235535,-5697.81385438877
1772933711.9235613,29245.548931892525
1772933711.9235697,60567.68802786294
1772933712.0510888,790.3911912682615
1772933712.051119,-2370.093861753991
1772933712.0511303,-1824.9638842618579
1772933712.05114,1691.6138705169446
1772933712.0511491,3087.0372051652243
1772933712.051158,-312.1486498825224
1772933712.0511663,-4678.682284434629
1772933712.0511749,-3337.4291190664526
1772933712.0511837,4825.329199859277
1772933712.0511923,10747.197182417513
1772933712.0512,1295.6769905345516
1772933712.0512087,-26567.903440990834
1772933712.0512166,-57099.8496653488
1772933712.2116656,2149.2365090056983
1772933712.2116978,-5472.648711599104
1772933712.21171,-9464.84177551114
1772933712.2117195,-3543.250197213791
1772933712.2117288,4465.526020663459
1772933712.2117376,2901.6817425490335
1772933712.2117457,-6924.9296814408135
1772933712.2117596,-11395.336796557307
1772933712.2117708,-3278.603757351316
1772933712.2117794,7005.4854649245335
1772933712.2117906,4557.771296641469
1772933712.2118008,-8871.406442689291
1772933712.211809,-15201.165455359254
1772933712.211817,-3774.8401104546415
1772933712.211825,12127.317550297328
1772933712.2118332,9941.235014793341
1772933712.211841,-12287.7800326916
1772933712.2118492,-28457.776923990798
1772933712.2118568,-11235.793007458475
1772933712.2118647,36997.053372597955
1772933712.2118723,84838.61135935764
1772933712.756928,-3133.4889376756446
1772933712.7569542,-3917.9487184479162
1772933712.756963,-908.6800181678275
1772933712.756971,1668.5257749197492
1772933712.7569776,57.773411093951204
1772933712.7569835,-3571.6163417713747
1772933712.7569897,-4043.981546572635
1772933712.7569962,-546.8618785880274
1772933712.757002,2025.6730049282537
1772933712.7570083,-86.47381551026552
1772933712.7570143,-4036.6914355722442
1772933712.7570198,-4200.9289840996025
1772933712.7570257,-165.28141405578262
1772933712.7570312,2446.8205095808853
1772933712.757037,-204.33423787867838
1772933712.7570467,-4565.195717867488
1772933712.7570553,-4438.893247100527
1772933712.7570643,241.37145701423847
1772933712.7570724,2994.2789984228943
1772933712.7570784,-263.339536447539
1772933712.7570844,-5221.523666596365
1772933712.7570896,-4853.758242023545
1772933712.7570944,688.4449945687512
1772933712.7570996,3816.9744256858176
1772933712.7571046,-164.69375860534421
1772933712.7571096,-6139.437671783554
1772933712.7571144,-5695.725037124432
1772933712.7571197,1175.7283194045351
1772933712.7571247,5298.174665991622
1772933712.7571297,406.3368038664311
1772933712.757135,-7673.932170031107
1772933713.0350635,-78571.01863768724
1772933713.0350864,-36833.421382071756
1772933713.035097,20344.925332083258
1772933713.035106,38185.119232744815
1772933713.035115,-288.2828195207119
1772933713.0351236,-55422.92459314493
1772933713.035133,-70653.62346539891
1772933713.1314769,-28628.357388297474
1772933713.190766,-30355.3788776017
1772933713.1908088,6776.3845403361465
1772933713.190819,19156.527754193256
1772933713.190828,5179.959127791265
1772933713.190837,-12494.506859447874
1772933713.1908493,-11635.647439068496
1772933713.1908605,5617.28114509495
1772933713.1908684,15724.985275580928
1772933713.1908789,2651.3169703181684
1772933713.1908877,-18939.846007036216
1772933713.190896,-15864.439821229007
1772933713.1909037,24852.13608876053
1772933713.1909113,73640.12009197028
1772933713.3113036,82275.24923945512
1772933713.3113365,33244.12182797566
1772933713.3674238,-12111.788205724795
1772933713.3674443,14062.750517558095
1772933713.3674536,59580.163225743236
1772933713.49797,17004.66408639908
1772933713.4979918,6961.536818900622
1772933713.4980028,-13819.208447329214
1772933713.4980123,-14539.521566554538
1772933713.498021,8254.75070331386
1772933713.4980292,23764.43149420067
1772933713.498038,4507.695510029729
1772933713.4980462,-38545.709410686184
1772933713.4980545,-66957.55600106495
1772933713.6264858,-57743.468015698956
1772933713.680658,-23865.73985677154
1772933713.6806767,15097.436152309585
1772933713.680683,15408.177730210571
1772933713.6806886,-7777.92088009745
1772933713.6806939,-15945.261885163281
1772933713.680699,3161.228552430198
1772933713.6807058,21537.718158369244
1772933713.6807125,7406.591229295045
1772933713.6807177,-34516.977081013756
1772933713.680724,-67236.79660956103
1772933713.7932043,-62400.87987985644
1772933713.8303492,-28438.517482575582
1772933713.8303707,3546.8364194936435
1772933713.8303769,13211.905553013605
1772933713.830382,5442.803795996666
1772933713.830387,-3842.8353679531533
1772933713.8303924,-6141.277268348542
1772933713.8303974,-2819.9754427346606
1772933714.0110767,67040.60583499745
1772933714.0110984,29779.219105618657
1772933714.011108,-7208.425872160111
1772933714.0111165,-16104.75796171939
1772933714.0111248,-3054.6188987644737
1772933714.0111325,7898.019252856341
1772933714.01114,5167.544337083935
1772933714.0111475,-2691.257804148865
1772933714.011155,-4240.684022524828
1772933714.0111623,-11.92395580157172
1772933714.01117,2273.803200858561
1772933714.0111773,347.70796995759014
1772933714.0111847,-1111.9276788965994
1772933714.011192,436.9280759594254
1772933714.0111995,1388.767073740936
1772933714.1235447,-1124.1546611868832
1772933714.2038493,2093.295979384849
1772933714.2038722,4124.824834967824
1772933714.2038836,2916.8464588839915
1772933714.2038925,-1172.8312301937863
1772933714.203902,-3122.4333791860267
1772933714.2039113,788.5161916259696
1772933714.2039194,6606.435696572088
1772933714.2039275,6136.53863377022
1772933714.2039356,-1952.1818168097457
1772933714.203943,-7976.1441428813805
1772933714.203951,-2090.793170198841
1772933714.2039583,11561.386128583845
1772933714.203966,15967.017723006054
1772933714.2039735,-1124.6226966030733
1772933714.2039812,-32464.23832182741
1772933714.203989,-56423.544067156596
1772933714.364544,-56303.639948508375
1772933714.406692,-33586.31944348741
1772933714.4067287,-3948.335201407225
1772933714.4067411,15497.462407493515
1772933714.4067516,16443.305653547515
1772933714.406762,2679.8808252404433
1772933714.406771,-11910.538430679757
1772933714.40678,-12098.988885978073
1772933714.4067895,4424.4192005411805
1772933714.5000613,-3199.1541605128946
1772933714.500086,-6735.544220351948
1772933714.5000968,2604.3201979272517
1772933714.500106,10409.136989697568
1772933714.5001144,3857.741916628657
1772933714.500126,-8437.585023338972
1772933714.500137,-7320.97292147951
1772933714.500146,9074.715043544029
1772933714.5001564,18915.823093514246
1772933714.500166,2337.7119057778436
1772933714.5001743,-32930.86366234865
1772933714.5001829,-58629.30145532729
1772933714.5804088,54316.15522889744
1772933714.608565,60691.056335793124
1772933714.608605,43605.875619381964
1772933714.6086168,13204.719439698629
1772933714.608627,-16671.814776787956
1772933714.608641,-38776.41690793429
1772933714.6086533,-50898.800011552405
1772933714.7954016,16618.088222271785
1772933714.795431,-5253.575890927267
1772933714.7954416,-19244.130716668224
1772933714.7954516,-6603.4168611269315
1772933714.7954605,16170.232503719162
1772933714.7954683,18288.95725094623
1772933714.795477,-6270.298070333379
1772933714.7954855,-28689.95904386574
1772933714.7954943,-15411.906503706768
1772933714.7955027,36121.247378376385
1772933714.7955108,93480.51876871941
1772933714.8685832,62538.25357507954
1772933714.8686032,37468.18473793326
1772933714.8686132,-365.4433900739693
1772933714.8686216,-26336.352733190062
1772933714.868632,-18133.61389840974
1772933714.868642,25667.349950322197
1772933714.8686504,74753.59561251235
1772933715.214959,3759.3828495052016
1772933715.2149804,-698.6268099637534
1772933715.21499,-5193.480099813795
1772933715.2149987,-4471.49842957806
1772933715.2150075,2647.8363226910446
1772933715.215016,8535.10762912774
1772933715.2150247,3719.647464731502
1772933715.2150333,-9414.616667760703
1772933715.2150416,-14608.649255904942
1772933715.2150505,1698.8180807000197
1772933715.446987,5895.690029867788
1772933715.4470425,-37327.183651106374
1772933715.447057,-68706.12093760585
1772933715.5433495,68253.87764312184
1772933715.591592,-2283.5822410391124
1772933715.5916224,541.8128843078241
1772933715.5916343,2773.401991865607
1772933715.5916443,902.5847270991318
1772933715.5916684,-2589.7633582451494
1772933715.5916767,-2506.5133558300436
1772933715.5916853,1362.4114768323498
1772933715.5916944,3477.4826522861235
1772933715.7521853,425.5354159784075
1772933715.7522073,-3633.1987687310466
1772933715.7522173,-2615.877753164284
1772933715.752226,2466.8443969229756
1772933715.7522368,4298.625699699456
1772933715.7522469,-316.49373128461184
1772933715.7522552,-5106.160328362244
1772933715.7522657,-2702.5489689160954
1772933715.7522748,4256.295975728994
1772933716.1277335,-74753.53277872867
1772933716.1277647,-37354.412011497945
1772933716.1277764,27776.902086522907
1772933716.1277864,77485.46358104616
1772933716.220184,66048.43331523638
1772933716.2202396,22916.404320077585
1772933716.2202473,-6810.634012688581
1772933716.2202551,-8259.761752070874
1772933716.2202635,1430.412858399786
1772933716.2202735,3248.625740740888
1772933716.2202804,-515.4568120122719
1772933716.2202861,2763.866091457583
1772933716.2202947,10858.095670398594
1772933716.2203033,4856.092091478051
1772933716.2203095,-24744.736089271184
1772933716.220316,-58782.273477047696
1772933716.276343,-34092.63951884897
1772933716.2763634,-67141.08849736923
1772933716.5163589,-3658.931389803976
1772933716.5163789,36427.144296062026
1772933716.516388,66010.14472625164
1772933716.821542,60881.29773210645
1772933716.991272,93551.29009545565
1772933716.991298,30126.665308495274
1772933716.9913085,-20020.98631266342
1772933716.9913173,-27117.75870927575
1772933716.9913242,-3112.4779120408175
1772933716.9913328,16370.437349837866
1772933716.9913404,10331.794500149957
1772933716.9913464,-9414.366006203767
1772933716.991352,-16753.69708250868
1772933716.9913576,-3151.104966754459
1772933716.9913633,13241.945586111606
1772933716.9913695,10327.94316558377
1772933716.991375,-10302.94613106837
1772933716.9913807,-22909.106950273
1772933716.9913867,-5557.461505717347
1772933716.9913924,34244.482204371096
1772933716.9913983,64731.3726930339
1772933717.025462,-10021.385839558721
1772933717.0255027,-10736.2396616264
1772933717.0255148,5826.215218140349
1772933717.0255249,19118.829438436398
1772933717.0255332,5445.265906208171
1772933717.0255418,-32869.34877820225
1772933717.02555,-65560.87883391893
1772933717.1871028,-8337.304010067872
1772933717.1871333,-16809.90546377629
1772933717.1871448,-3522.066447708196
1772933717.1871552,30399.563662106746
1772933717.1871653,60681.36703389704
1772933717.263416,61438.09386224346
1772933717.2634552,31607.187215118633
1772933717.263472,-3698.0577641936766
1772933717.263485,-18153.320750016053
1772933717.337636,-8885.474162521516
1772933717.3376715,5531.457123937622
1772933717.3376803,7736.137958041191
1772933717.3376875,-1245.0338033295773
1772933717.337694,-8107.177282917846
1772933717.3377004,-5234.430387065183
1772933717.3377063,1832.3124189260668
1772933717.3377125,3733.1903822122695
1772933717.585712,-65474.35354105127
1772933717.5857425,-34784.14148688599
1772933717.5857542,4290.441488598447
1772933717.585764,19307.6440886838
1772933717.5857737,6435.382689383614
1772933717.5857823,-9927.261203464057
1772933717.585791,-9095.646617511009
1772933717.5858002,3389.011982168193
1772933717.5858085,8423.579355511874
1772933717.585817,572.9987718818597
1772933717.5858269,-6880.867078360383
1772933717.5858357,-2949.218253095638
1772933717.5858445,5385.470674442005
1772933717.5858524,4554.7811756429355
1772933717.5858605,-4597.393569735616
1772933717.5858693,-7216.3085549826255
1772933717.5858777,3346.660483525684
1772933717.585886,12820.326534773429
1772933717.5858943,2265.3329858258403
1772933717.5859072,-27101.80878126679
1772933717.5859184,-53858.04972555898
1772933717.6178195,-61753.36424375977
1772933717.7543812,-32732.87513649443
1772933717.7544255,4147.835586526293
1772933717.7544482,17841.98739717792
1772933717.7544577,6924.790193567367
1772933717.754466,-8009.021231690112
1772933717.7544744,-9535.751431193828
1772933717.7544827,351.26173986840064
1772933717.7544913,7676.595447205734
1772933717.7544997,4544.059671400698
1772933717.7545078,-3525.3553125441076
1772933717.754516,-6357.947709110759
1772933717.7545252,-1288.1898744000755
1772933717.7545333,4920.180521184794
1772933717.7545416,4773.319255045362
1772933717.7545495,-1335.5322865936887
1772933717.7545576,-5879.534910635962
1772933717.7545657,-3097.887467062452
1772933717.7545736,3916.1296020063123
1772933717.7545817,6349.04068150645
1772933717.7545898,355.4185012514377
1772933717.7545977,-7089.281729276669
1772933717.7546055,-5768.415995267468
1772933717.7546136,4176.494816095951
1772933717.7546215,10116.0957760796
1772933717.7546291,2165.9418423340544
1772933717.7546372,-11497.188637667738
1772933717.7546468,-11454.660160892352
1772933717.754656,7371.480218665827
1772933717.754664,22672.05471459119
1772933717.7546732,6587.106453915242
1772933717.7546816,-37973.70254300379
1772933717.7546897,-72043.50371942132
1772933717.8979545,-65401.49444420037
1772933717.8979764,-35975.76111035256
1772933717.897986,1852.7637194931788
1772933717.8979945,18174.126862747908
1772933717.8980026,6851.038894422135
1772933717.8980107,-10876.588553572641
1772933717.8980188,-12551.533298083086
1772933717.8980274,673.8859273586986
1772933717.8980355,9355.658865465351
1772933717.8980439,2489.4608828374817
1772933717.8980525,-9093.331012873725
1772933717.8980603,-8873.785055571261
1772933717.8980684,2423.007618233762
1772933717.8980768,8243.07930109802
1772933717.8980844,-211.70189879892533
1772933717.8980925,-10944.334853952072
1772933717.8981004,-7563.8807281546015
1772933717.898108,6581.602422363068
1772933717.898116,10754.399682247406
1772933717.8981245,-4626.361119185431
1772933717.898132,-20522.61369184421
1772933718.1058943,-67676.90536877049
1772933718.1059146,-32216.878135351486
1772933718.105926,7522.335681073397
1772933718.105936,19228.348807393686
1772933718.1059446,3978.5180203539776
1772933718.105955,-11263.176383321574
1772933718.1059637,-8157.518670539061
1772933718.1059723,4770.710646644338
1772933718.1059809,8723.996521183339
1772933718.1059885,238.47203372461024
1772933718.1059961,-7209.484904080212
1772933718.106004,-3705.595222512834
1772933718.106012,4392.152722057044
1772933718.1060195,5279.223950858258
1772933718.1060271,-1412.0320768181514
1772933718.1060352,-5383.983055720158
1772933718.1060429,-1242.76922608006
1772933718.1060507,4270.705633179482
1772933718.185177,2939.913890263985
1772933718.1852024,-2756.503532175936
1772933718.1852124,-3938.663201230604
1772933718.1852217,1070.3047477256273
1772933718.1852307,4284.706919613717
1772933718.3529942,-2503.0999972433233
1772933718.3530223,6184.190610243551
1772933718.3530335,11848.43373689851
1772933718.3530428,972.6555428253711
1772933718.3530517,-28747.413548181165
1772933718.3530607,-59065.06348214455
1772933718.3530695,-64109.40879071464
1772933718.353078,-36587.488302368954
1772933718.3530917,1694.7443816344141
1772933718.3531024,20133.132722290866
1772933718.353112,10042.532327700363
1772933718.3531232,-8740.448855374947
1772933718.3531337,-12540.702559368263
1772933718.3531423,-67.06498261482548
1772933718.3531568,10240.783820915518
1772933718.353169,5695.900107551718
1772933718.3531823,-5661.78628276767
1772933718.3531947,-8045.140507267676
1772933718.3532033,595.4506799925464
1772933718.353212,7349.356037738608
1772933718.3532217,3225.2276373215846
1772933718.3532305,-4910.105861319267
1772933718.3532395,-5214.282868572343
1772933718.3532484,1968.7418534291583
1772933718.3532567,5365.626377988888
1772933718.3532655,76.13358892363496
1772933718.534584,945.1532114319532
1772933718.534604,-5323.335109053167
1772933718.5346136,-5026.469690577793
1772933718.5346222,1055.790127397681
1772933718.53463,5923.051044307025
1772933718.534638,4534.162460174693
1772933718.5346458,-1982.6225043938994
1772933718.5346541,-8353.31481659388
1772933718.5346622,-8248.872755579905
1772933718.53467,3660.2274528566472
1772933718.5346775,27518.803534616978
1772933718.5346887,52968.856300885185
1772933718.630999,61599.823377956905
1772933718.684231,42007.1884475219
1772933718.684255,4603.759739230346
1772933718.6842656,-22607.544003797633
1772933718.6842744,-19279.938445498065
1772933718.6842823,5718.175307552299
1772933718.6842897,22132.06430100954
1772933718.6842976,10385.921900592108
1772933718.6843057,-16325.556161578921
1772933718.6843135,-25422.684588349963
1772933718.6843212,-151.39357255558764
1772933718.716512,41843.47371699885
1772933718.753505,11348.759795349588
1772933718.7535267,380.19907937221603
1772933718.7535372,-13625.37891044484
1772933718.7535455,-14575.134773200942
1772933718.7535539,4577.079703810476
1772933718.753562,34881.07529351301
1772933718.7535708,57340.57671160671
1772933718.9794407,-1834.7707719832342
1772933718.9794648,5966.616352362256
1772933718.979474,4493.783002714492
1772933718.979481,-4229.424454226495
1772933718.979488,-6597.429908932926
1772933718.9794946,2193.206576100221
1772933718.9795008,8984.63152848435
1772933718.9795074,584.240152123651
1772933718.979514,-13781.700651703053
1772933718.9795237,-8604.007525808489
1772933718.979532,25705.50564538088
1772933718.979538,64269.77635292133
1772933719.2204485,-55384.34903620191
1772933719.2656589,7808.715079213925
1772933719.2656846,3952.707961584313
1772933719.2656956,-4195.74310968721
1772933719.2657049,-7189.160235380002
1772933719.265713,323.7749837979935
1772933719.2657213,12209.758415207252
1772933719.2657297,14339.692675605873
1772933719.265738,-2560.000440937305
1772933719.265746,-32136.722726627402
1772933719.2657547,-55194.94259255267
1772933719.4344373,-61636.75825248752
1772933719.4344647,-39237.398419267265
1772933719.434476,-866.482366964187
1772933719.4344852,23297.6312732564
1772933719.4344952,16738.919876759497
1772933719.4345045,-6147.059045680314
1772933719.434513,-16472.211200196478
1772933719.434522,-3590.0053300493128
1772933719.4345305,14246.409263098054
1772933719.434539,14054.225994850267
1772933719.4345467,-2954.3669725516534
1772933719.4345555,-13865.679478552853
1772933719.434564,-4331.275326903717
1772933719.4345732,12700.976515670247
1772933719.434582,14247.650204688407
1772933719.4664683,-2054.966232356891
1772933719.4824643,-14266.176442321372
1772933719.6090083,-5442.244797737117
1772933719.609042,13276.663654870625
1772933719.673323,16303.745281696543
1772933719.6894176,-1796.3888204555642
1772933719.6894546,-17465.969190364893
1772933719.7215056,-8076.195227626061
1772933719.7626832,10336.376657241584
1772933719.7627146,8239.581570033235
1772933719.762721,-1807.019663440913
1772933719.7627263,-5851.659072200581
1772933719.7627316,1697.0587442020365
1772933719.7627363,10351.677159675619
1772933719.7627413,8073.564976643113
1772933719.7627463,-2018.6518728057697
1772933719.7627516,-5897.376531753146
1772933719.9926777,62334.605937041044
1772933719.9927092,36829.934706338936
1772933719.9927208,2239.426177764322
1772933719.9927306,-15825.81128003523
1772933719.9927406,-9699.601131333613
1772933719.9927504,5608.9843214973735
1772933719.992759,11331.74819718831
1772933719.9927685,4670.726169452424
1772933719.992777,-2922.314233505371
1772933719.9927855,-3444.6302324576927
1772933719.992794,-1078.7205509981402
1772933719.9928029,-1129.418051329393
1772933719.992816,2888.181964974905
1772933719.992827,22189.10069705407
1772933719.992836,52172.18429682329
1772933719.9928467,67844.75219823145
1772933720.1151097,106888.24415624952
1772933720.1151335,31866.874798181685
1772933720.1151402,-28008.35087445414
1772933720.1151464,-29728.364963144002
1772933720.115152,6420.672638167579
1772933720.115157,27509.920105338224
1772933720.1151621,10868.436598941034
1772933720.1151671,-15935.165112200257
1772933720.115172,-16736.23549077347
1772933720.115177,6709.482066903522
1772933720.115182,21012.78330337619
1772933720.1151867,7439.780357012205
1772933720.1151922,-14230.391921338938
1772933720.1151972,-13963.338953369033
1772933720.1152017,7676.436656977916
1772933720.1152067,20635.708388096635
1772933720.115212,6320.450225540806
1772933720.1152167,-16471.602923756625
1772933720.115222,-15616.828192120287
1772933720.1152265,10924.677380964504
1772933720.1152315,28882.148951107592
1772933720.1152363,8226.500442885692
1772933720.1152415,-39095.68109997981
1772933720.1152468,-70495.34115559938
1772933720.2629406,8795.439007969086
1772933720.2629645,12102.858508810208
1772933720.2629728,-263.51633120741326
1772933720.2629783,-10730.79978024876
1772933720.2629857,-3939.634895241294
1772933720.262992,10925.827101685882
1772933720.2629974,12153.622607131623
1772933720.2630029,-3450.2450638556274
1772933720.263008,-13803.095331233346
1772933720.2630134,-1210.7684140349672
1772933720.2630188,19679.195077639783
1772933720.263024,15254.488583319757
1772933720.263029,-24919.45863994606
1772933720.2630343,-69114.27960663427
1772933720.375237,-67752.52537732228
1772933720.3752823,-22806.675843021232
1772933720.3752956,13606.665962015504
1772933720.3753064,13293.223029054716
1772933720.3753176,-6190.186624719989
1772933720.3753283,-11493.4514298026
1772933720.3753376,2546.2772937530176
1772933720.375347,11962.489378285725
1772933720.3753557,1759.6417029294166
1772933720.3753643,-12305.92584697133
1772933720.375373,-7716.779907341704
1772933720.3753817,10497.218865644663
1772933720.3753898,14926.843911553673
1772933720.3753984,-4951.658499854462
1772933720.3754072,-23446.79343993919
1772933720.3754158,-8453.323158009054
1772933720.3754284,36113.17338128583
1772933720.3754392,70418.61918005378
1772933720.375448,62908.21615530122
1772933720.3754609,24518.416944471537
1772933720.375471,-7208.719006201327
1772933720.4555273,114491.18975779167
1772933720.4926844,23930.371269499705
1772933720.4927137,-5960.934961367175
1772933720.4927213,-10517.242845350302
1772933720.4927285,6974.191733961862
1772933720.4927344,11908.013886502215
1772933720.4927406,-19584.83953875668
1772933720.4927473,-64911.019084141706
1772933720.8059256,-70979.34194327379
1772933720.805957,-36927.19501087146
1772933720.805967,7921.276403342873
1772933720.8059757,23522.927228090888
1772933720.805984,5760.681482113995
1772933720.8059924,-14240.766958428383
1772933720.8060005,-11206.073809155036
1772933720.8060088,6087.340801076042
1772933720.8060167,12219.687088287119
1772933720.8060248,633.4085086715278
1772933720.8060331,-10374.174033705578
1772933720.8060412,-5512.323911033791
1772933720.806049,6711.658961837799
1772933720.8060567,8085.66028624805
1772933720.8060644,-2574.6349399269216
1772933720.8060722,-8687.287455555677
1772933720.8060832,-1168.1175367160608
1772933720.8060935,7915.642234253355
1772933720.806101,3815.277473625698
1772933720.806111,-7305.309443393524
1772933720.80612,-6100.461444117362
1772933720.8061275,8923.540798021166
1772933720.8061354,12002.382599257173
1772933720.8061433,-18198.412114188075
1772933720.806151,-63846.9876949524
1772933721.4054525,-20871.02216039361
1772933721.4054923,20447.172394301386
1772933721.4055045,74428.82153792074
1772933721.7247276,72553.78956570782
1772933721.7247508,29134.26269855956
1772933721.7247615,-16939.97416589684
1772933721.7247703,-24012.58560004844
1772933721.724779,1585.06471639725
1772933721.7247877,18756.170103583627
1772933721.724796,4953.57844509612
1772933721.7248049,-18174.779571944884
1772933721.7248137,-16772.130201648295
1772933721.724822,9148.893407212232
1772933721.72483,24488.65663303058
1772933721.7248385,2657.1512200955244
1772933721.7248468,-41567.96673998331
1772933721.7248552,-68909.97385127402
1772933721.7890713,-58613.34644244724
1772933721.9215133,-106478.83467756964
1772933721.921533,-35837.73689565702
1772933721.9215455,42711.812586607964
1772933721.9215567,83707.7976837232
1772933721.961708,13189.26944525318
1772933721.9617286,-17766.430957725635
1772933721.9617355,-30930.030877980524
1772933721.9617412,-6206.856782441668
1772933721.9617465,41529.53904479222
1772933721.9617517,72099.30752367969
1772933722.1564584,-5870.889295357166
1772933722.1564927,-6715.54159690891
1772933722.1565027,-969.7408376494277
1772933722.1565115,3815.680879021432
1772933722.15652,1929.2609157085062
1772933722.156528,-3875.8015017279163
1772933722.1565356,-6133.92509265963
1772933722.1565435,-2065.054129510834
1772933722.1565511,2963.4938850391163
1772933722.156559,2346.5640942225505
1772933722.1565669,-3129.2116321207836
1772933722.1565745,-6181.336469213507
1772933722.1565824,-2625.6412189055422
1772933722.15659,2855.9642976143064
1772933722.156598,2782.5799573714958
1772933722.1566055,-2945.866109623458
1772933722.156613,-6579.041944572125
1772933722.1566207,-2933.94008919191
1772933722.1566286,3215.347449043897
1772933722.1566362,3306.427099007899
1772933722.1566439,-3136.883997046129
1772933722.1566536,-7328.77858255366
1772933722.156664,-3118.184315729658
1772933722.1566715,4040.775689767262
1772933722.156681,4040.58671921575
1772933722.1566896,-3713.460543073008
1772933722.1566973,-8623.609297332034
1772933722.317112,-3244.822978930058
1772933722.3683507,5678.0014247278195
1772933722.3684008,5357.728521340422
1772933722.3684154,-4995.548491132826
1772933722.368428,-11407.97280166629
1772933722.3684404,-3486.640086521903
1772933722.3684523,9623.153344913637
1772933722.368462,8923.596746781495
1772933722.3684707,-8627.1342476093
1772933722.3684795,-21368.577100544822
1772933722.368488,-5919.347976387121
1772933722.5129392,158977.84626767016
1772933723.3615136,93719.86748536832
1772933723.361546,27663.467515113494
1772933723.361557,-20683.30434503446
1772933723.3615663,-24591.654142060936
1772933723.3615746,-1837.75653013915
1772933723.3615837,13366.829827474952
1772933723.3615916,7559.429161912419
1772933723.3616,-6110.2417231935515
1772933723.3616083,-10953.857718619991
1772933723.3616164,-5188.335105724949
1772933723.3616245,2739.571656910565
1772933723.3616362,7115.342234448749
1772933723.3616464,6160.4251022151875
1772933723.3616545,-4420.702534282568
1772933723.3616652,-28166.143006012662
1772933723.3616748,-55650.41484459397
1772933723.4718883,-64712.96348484686
1772933723.4719093,-41904.098102406446
1772933723.4719198,-2264.5922637075923
1772933723.4719281,21444.500872221397
1772933723.4719367,12793.707634401604
1772933723.4719453,-10513.71516175861
1772933723.4719539,-18227.811921749155
1772933723.4719615,-3207.791360208385
1772933723.4719696,12630.072952658375
1772933723.471978,8487.599391186792
1772933723.4719863,-8605.09565721289
1772933723.710886,-69783.96900520721
1772933723.7109168,-31564.43982644175
1772933723.710928,7927.620346497104
1772933723.7109373,17245.232969385055
1772933723.7109468,4486.747088638813
1772933723.7109551,-3839.6602710298303
1772933723.7109642,-3741.5688885539425
1772933723.7109728,-16327.24289011941
1772933723.710981,-49051.767720864744
1772933724.5111673,-66504.44587039761
1772933724.5112045,-36975.79408370307
1772933724.511216,4092.8768967952983
1772933724.5112257,17199.786723860987
1772933724.511238,-1936.1954811983023
1772933724.511249,-14773.079115494786
1772933724.5112572,11677.040129247174
1772933724.511269,59510.08162346445
1772933724.6778393,77221.48920999558
1772933724.6778657,41710.63035540616
1772933724.6778755,-12390.606881681466
1772933724.6778836,-32605.090573926813
1772933724.9369292,-9063.893940174077
1772933724.93695,19163.228062463448
1772933724.9369595,15785.298204561592
1772933724.936968,-9799.735498589027
1772933724.9369767,-20930.982043566728
1772933724.9369853,-4276.971506922221
1772933724.9369934,15040.411681864498
1772933724.9370017,10382.230741055288
1772933724.93701,-10267.385474515453
1772933724.9370177,-17346.43573976441
1772933724.9370253,-1543.5748527002781
1772933724.937033,14098.295204298012
1772933724.9370408,7412.849493740653
1772933725.0293095,-11728.1372880542
1772933725.0293367,-15717.628984477386
1772933725.0293455,1292.2572467501695
1772933725.0293531,14801.54743742672
1772933725.0293603,4779.274517364334
1772933725.029367,-14917.598869266038
1772933725.0293736,-15171.927059722613
1772933725.0293808,6186.836974854222
1772933725.0293903,18455.10272793408
1772933725.029399,363.26842867014756
1772933726.6750815,-5756.103573547492
1772933726.675099,-8070.4141030177825
1772933726.6751056,1077.0255819170884
1772933726.675111,8215.470948110204
1772933726.6751163,3132.704770170422
1772933726.6751213,-6371.600710233582
1772933726.6751263,-6159.34645419807
1772933726.6751318,3116.2257243551685
1772933726.6751368,6874.829888852671
1772933726.675142,-813.6659629925135
1772933726.675147,-6711.145046014225
1772933726.675152,1161.0302862129995
1772933726.6751568,9375.277251830257
1772933726.675162,-9579.953218123148
1772933726.6751664,-56845.25491905264
1772933726.8217351,2789.2206546648144
1772933726.821767,-4987.395754602302
1772933726.821778,-4945.463347183328
1772933726.821787,3170.251011978243
1772933726.821797,9280.095416498707
1772933726.821805,5331.628487729455
1772933726.8218133,-4616.295773416121
1772933726.821822,-8578.353323116904
1772933726.8218305,-303.8309768038336
1772933726.8218393,12662.893516443719
1772933726.8218477,15014.22119690343
1772933726.8218565,-2135.411787514139
1772933726.8218696,-32013.213066516244
1772933726.8218808,-55912.79035304097
1772933727.2876384,-57052.680805993405
1772933727.303688,-33982.22943438027
1772933728.1391327,-2251.1790519324354
1772933728.1692407,16864.984090884485
1772933728.1692655,14090.21952067476
1772933728.1692755,-1188.3193697119505
1772933728.1692836,-10643.97014322682
1772933728.169292,-5201.213213212591
1772933728.1692998,6996.281337913842
1772933729.400247,10396.50133521205
1772933729.400283,1662.4334145779028
1772933729.4002926,-7041.151849014296
1772933729.400301,-4879.795331310037
1772933729.4003088,4897.61331109875
1772933729.4003165,9541.598193183225
1772933729.400324,3209.84889320839
1772933729.400332,-5690.199317857285
1772933729.4003663,-5509.460747086586
1772933729.4003801,3498.936435218512
1772933729.400389,9488.969489115987
1772933729.4003968,4478.735029425398
1772933729.400404,-5074.798584581074
1772933729.400412,-6526.573606079954
1772933729.4004197,2344.30544078748
1772933729.400427,10040.886023773812
1772933729.4004345,6126.922351064995
1772933729.400442,-4795.758674210964
1772933729.400452,-8411.606691171886
1772933729.400462,790.5499709379794
1772933729.40047,11500.205852714917
1772933729.4004796,9253.73763896211
1772933729.400488,-4598.390226774227
1772933729.4004953,-12861.796213853533
1772933729.400503,-3042.167231981558
1772933729.4005103,15637.78291281774
1772933729.400518,19948.259151327813
1772933729.4005256,-2322.4192592658287
1772933729.4005327,-37806.08285810957
1772933729.4005404,-59606.920688619735
1772933729.5337868,11748.554518295434
1772933729.5338073,-2914.7275811012946
1772933729.5338163,-13352.718011548028
1772933729.5338252,-3529.5941796848606
1772933729.5338328,15168.63551305385
1772933729.533841,16183.585497903006
1772933729.533849,-6340.672962508878
1772933729.533857,-24432.294246661404
1772933729.5338647,-7074.011245774944
1772933730.0077336,4776.821722842813
1772933730.0077543,3724.749956229277
1772933730.0077646,-829.2295920317248
1772933730.0077734,-2544.2824517236613
1772933730.0077813,897.7120459957905
1772933730.007789,4666.611417200893
1772933730.0077972,3561.541434203652
1772933730.007805,-821.6304269253784
1772933730.0078154,-2399.8025596056095
1772933730.007825,966.5791470029098
1772933730.3762732,4545.189891002412
1772933730.37633,3460.5301170321372
1772933730.3763397,-737.027900555349
1772933730.3763487,-2262.504887875167
1772933730.376356,917.4447432204392
1772933730.3763628,4398.283343290162
1772933730.3763719,3454.3626643457806
1772933730.37638,-565.5190260617063
1772933730.376387,-2197.753277572062
1772933730.3763928,720.3792400144134
1772933730.867253,4172.079977919626
1772933730.86728,3668.2704198787287
1772933730.9436748,-154.5953086061417
1772933730.9437456,-2239.33670577489
1772933730.943759,81.00067836586898
1772933730.9437692,3874.796666465739
1772933730.9437788,4381.655181939877
1772933730.9437892,821.7969646729455
1772933730.9437985,-2692.5205627024807
1772933730.9438083,-1783.5230347769036
1772933730.943818,3249.8886688426996
1772933730.9438293,7056.488944291903
1772933730.9438396,4036.8856444487133
1772933730.943848,-5054.777948580298
1772933731.5520544,64260.863109152124
1772933731.5520704,36869.328671200914
1772933731.5520775,-1732.9847902997174
1772933731.5520852,-20812.661357777648
1772933731.552093,-10830.329190851357
1772933731.5520992,8852.808584468588
1772933731.5521066,13569.20622553451
1772933731.5521133,576.3252485459931
1772933731.5521188,-11364.12273214316
1772933731.5521245,-7364.962581549402
1772933731.55213,5696.489437012682
1772933731.5521357,10019.095981530127
1772933731.552147,629.399949529171
1772933731.5521529,-9101.92840561492
1772933731.5521584,-6176.595460210538
1772933731.552164,4836.864737162667
1772933731.5521696,8725.682540119775
1772933731.5521755,486.9471071620621
1772933731.5521812,-8267.946722178005
1772933731.8252532,119923.76962639237
1772933731.8884315,30755.882525377834
1772933731.8884587,2364.7639589372297
1772933731.8884692,-13087.776941312433
1772933731.8884785,-11486.935373501221
1772933731.888487,-1829.153285719569
1772933731.8884957,4749.592427157248
1772933731.888504,4432.042131480412
1772933731.8885124,193.5930791988643
1772933731.8885207,-4612.239751652304
1772933731.8885293,-8598.885042244345
1772933731.888538,-8507.304972165352
1772933731.8885458,2234.8401750054695
1772933731.8885567,26019.282060544872
1772933731.8885672,52030.45395820144
1772933732.0173228,28649.72853843489
1772933732.0173533,70736.6294707889
1772933732.4709263,-55844.51259915836
1772933732.4709537,-67147.89102897697
1772933732.4709644,-42050.1898111833
1772933732.4709747,899.585533461401
1772933732.470984,25240.770895600253
1772933732.470992,14478.853333894956
1772933732.471001,-11097.410482592508
1772933732.4710093,-19060.51088857405
1772933732.4710176,-2189.275567362215
1772933732.4710257,15812.403016205026
1772933732.4710336,11892.000187996297
1772933732.4710417,-7559.826873958525
1772933732.4710495,-16365.807222159849
1772933732.4710577,-3157.7160448285567
1772933732.4710662,14092.732184812521
1772933732.471074,12163.17066775842
1772933732.471082,-6492.67148411269
1772933732.4710903,-16768.951937213187
1772933732.6797156,-4425.830723658219
1772933732.702757,14664.56751954118
1772933732.7027764,14418.568717556343
1772933733.2008593,-6169.196002196549
1772933733.2228827,-20184.16385440441
1772933733.2229104,-7025.356037584477
1772933733.3183072,12000.54314666294
1772933733.3183305,6516.735349142465
1772933733.3183415,-6464.531189703296
1772933733.3183503,-8926.94427803568
1772933733.31836,2762.924576971302
1772933733.318369,12526.484200510602
1772933733.318377,6577.40380255659
1772933733.318385,-7207.055317839739
1772933733.3183928,-9624.599269717351
1772933733.3184009,3260.7977160176783
1772933733.3184087,13876.995460475206
1772933733.3184168,6911.372027303955
1772933733.3184247,-8810.098825050418
1772933733.3184326,-11269.450105410495
1772933733.3184404,4277.154895271251
1772933733.318448,16957.120335042207
1772933733.3184557,7746.544924477862
1772933733.5673804,18523.217382243096
1772933733.56741,-47053.88529574159
1772933733.7973397,-70211.6320369044
1772933733.7973704,-46498.94814536652
1772933733.7973835,2546.8516943082977
1772933733.7973938,27049.797393519806
1772933733.797403,11449.45952320806
1772933733.7974124,-16305.418052272798
1772933733.7974212,-21062.90517332545
1772933733.7974303,3676.4444940827293
1772933733.7974389,36615.3944661756
1772933733.7974477,55435.88665158951
1772933734.166812,54349.29525306875
1772933734.2059495,39120.72839209586
1772933734.2059731,14628.338248868668
1772933734.2059836,-15374.097381606587
1772933734.2059946,-42235.70733657716
1772933734.6629286,70931.33133186071
1772933734.6629581,34500.14173670056
1772933734.6629665,-13080.223758904174
1772933734.6629896,-27426.682067352715
1772933734.662995,-5388.939651844628
1772933734.6630003,15898.468747928699
1772933734.663006,6674.990139697054
1772933734.6630113,-18739.75577015755
1772933734.663016,-19789.946266032584
1772933734.663021,19490.00980240643
1772933734.6630263,67185.08935894234
1772933734.7633903,5120.133448868739
1772933734.763425,-4417.353424555864
1772933734.7634337,-8773.184180887429
1772933734.763441,-2654.956456311937
1772933734.7634485,4734.338425264125
1772933734.7634554,3302.462669946524
1772933734.7634628,-4336.47462583928
1772933734.7634692,-7353.095941589518
1772933734.7634757,-1914.663329435494
1772933734.763482,4062.832974354179
1772933734.8194838,2304.744229437672
1772933734.8195083,-4361.447086546346
1772933734.819518,-6540.249810794369
1772933734.8195264,-1392.6414764988515
1772933734.819537,3698.50289966154
1772933734.8195472,1674.4461041531758
1772933734.8195553,-4452.936193768777
1772933734.8195653,-6058.273662604616
1772933734.8195739,-1007.4665173518509
1772933734.8195815,3524.3954512312953
1772933734.8195891,1219.6429213061315
1772933734.8195972,-4588.942497150427
1772933734.8196054,-5695.970122267878
1772933734.9159224,-657.5147172548412
1772933734.9500127,3499.157652600359
1772933734.9500396,906.1568699716888
1772933734.9500492,-4803.455465304278
1772933734.9500575,-5607.664771272799
1772933734.9500656,-365.0503571891822
1772933734.9500732,3581.462799985903
1772933734.950081,697.8628809033115
1772933735.0896635,-63665.721243104315
1772933735.0896943,-33279.83817623774
1772933735.0897048,706.2992723196763
1772933735.0897143,13507.209501211499
1772933735.0897229,5657.211795652586
1772933735.089731,-4627.90456188024
1772933735.0897398,-6390.688725442659
1772933735.0897484,-4854.962677770498
1772933735.0897572,-5639.03920056291
1772933735.0897663,-503.1814153300002
1772933735.0897746,21759.624068926238
1772933735.0897832,52895.11941245728
1772933735.1980438,65174.27329214932
1772933735.1980648,41272.54552386078
1772933735.1980712,-1841.323047568217
1772933735.1980784,-26789.512921192625
1772933735.1980848,-15854.570685129751
1772933735.19809,10178.690075187382
1772933735.198095,17741.424525955324
1772933735.1981,-61.32503897598945
1772933735.198105,-18004.65053021206
1772933735.19811,-12622.497704158168
1772933735.198116,8027.072611011053
1772933735.1981225,15884.161903939605
1772933735.4511187,-135114.7045789187
1772933735.4511585,-106785.40691861093
1772933735.4511707,-26342.369799685788
1772933735.4511812,32214.347200587225
1772933735.4511907,23527.450496787817
1772933735.4512005,-19790.862221376556
1772933735.45121,-28762.38570678609
1772933735.451219,19198.15810362534
1772933735.451228,75210.74362807894
1772933735.5153708,-46536.96598213974
1772933735.569574,1021.6730017269775
1772933735.5695949,-20006.727300676856
1772933735.569601,-15669.30517487157
1772933735.5696063,7579.539650220817
1772933735.5696115,19451.98327857265
1772933735.5696163,4206.258836152036
1772933735.5696225,-20219.035466285855
1772933735.569632,-23385.74946115936
1772933735.5696397,3697.3230204292763
1772933735.5696447,40521.13343058981
1772933735.5696507,59640.897121439106
1772933736.2303395,-13145.366195546601
1772933736.230371,-2803.1265481462756
1772933736.230383,11229.616244623767
1772933736.2303936,9130.048912084863
1772933736.230402,-5981.777532217749
1772933736.2304113,-12616.598106884576
1772933736.23042,-1286.4395371245816
1772933736.2304287,11984.681507692228
1772933736.2304373,8135.039475566948
1772933736.2304451,-7760.960714544292
1772933736.2304535,-13034.133042747439
1772933736.2304616,619.8012112386608
1772933736.2304697,14314.175124387737
1772933736.2304776,7581.50955210538
1772933736.230486,-11771.77404805752
1772933736.2304945,-15940.691181068732
1772933736.2305028,4673.120287168703
1772933736.2305107,23921.16740714614
1772933736.2305193,9449.594013886124
1772933736.2305272,-35506.221158358945
1772933736.230536,-71191.30028865366
1772933736.4501565,-3260.5861901179483
1772933736.450205,3056.028519940153
1772933736.4502225,3237.5555978948173
1772933736.4502308,-2666.464255678186
1772933736.4502413,-6447.548175193424
1772933736.4502513,-3177.975218581801
1772933736.45026,2408.437445805844
1772933736.4502704,2810.051757266361
1772933736.4502797,-2155.389842862308
1772933736.4502876,-5672.400851023714
1772933736.4502954,-3364.8149145160105
1772933736.450303,1341.5575688419697
1772933736.4503107,2418.9036531035163
1772933736.4503183,-996.8666805506931
1772933736.450326,-4415.187350484777
1772933736.4503336,-4157.957206032385
1772933736.4503412,-1013.7929306443846
1772933736.4503489,1932.1463600163129
1772933736.4503567,2327.5949345395816
1772933736.4503644,-1014.0817048147019
1772933736.450372,-7220.846315032834
1772933736.4503791,-10388.816891717994
1772933736.4503865,-721.5006864728874
1772933736.4503944,25267.132329873737
1772933736.450402,54453.26838511134
1772933736.4843135,7284.899387427878
1772933736.4843287,25265.59961987047
1772933736.484335,7822.606527592473
1772933736.484341,-38115.40750178281
1772933736.4843454,-71498.10211256467
1772933736.513394,18193.138840210057
1772933736.5134082,12943.709650252255
1772933736.513414,-27587.283873393986
1772933736.5134203,-70451.29935415155
1772933736.804612,52863.622477974546
1772933736.8046286,63809.24901395038
1772933736.8046372,41707.823959044326
1772933736.804644,252.8378993725553
1772933736.80465,-26969.424973524103
1772933736.8046556,-19350.614176509847
1772933736.8046606,8513.656987383903
1772933736.804666,22288.375994521364
1772933738.354016,5701.3208507090285
1772933738.3540335,-21344.824058121492
1772933738.3540404,-25500.151697846457
1772933738.614102,563.0884987966912
1772933738.6141324,18101.877697590757
1772933738.6141436,15833.374618975307
1772933738.6141536,-8358.223474151457
1772933738.6141624,-38106.75848254894
1772933738.6141715,-55164.40478731023
1772933738.7988813,3223.535519182132
1772933738.7989018,4602.754318464443
1772933738.798911,4622.914135219989
1772933738.7989197,-1917.981473102327
1772933738.7989275,-22584.08786773354
1772933738.7989352,-51853.51604849248
1772933738.7989433,-66497.41269039494
1772933738.7989511,-46493.60037701139
1772933738.798959,-1839.5846653966532
1772933738.7989664,30030.107780497
1772933738.798974,21179.931133946255
1772933739.2005327,-14490.196866609174
1772933739.2226517,-32853.60643821343
1772933739.2226868,-6718.86915962919
1772933739.2227025,44035.4905764467
1772933739.3380675,-51881.36698448685
1772933739.3380835,-35481.48225853181
1772933739.3380897,-7745.801239203648
1772933739.338095,14635.780840983422
1772933739.3381,17622.22108692766
1772933739.338105,3340.3215627436884
1772933739.3381104,-10959.40048712806
1772933739.3381157,-9959.50927655586
1772933739.3381205,3992.0836477738776
1772933739.3381257,14115.76188372628
1772933739.3381305,8406.925291671156
1772933739.3381352,-6553.78347812917
1772933739.3381402,-12875.933975605774
1772933739.3381453,-1744.8845631070844
1772933739.3381505,15656.516059145764
1772933739.3381553,18625.0787735587
1772933739.4053524,-14542.54455552255
1772933739.4053886,-11343.555846748457
1772933739.4054,11501.200352037567
1772933739.4054096,25061.304344736414
1772933739.4054186,5332.203228314918
1772933739.4054272,-37130.340998295906
1772933739.405436,-66386.85095328184
1772933740.3030496,5898.395513821107
1772933740.303084,-1085.018364085753
1772933740.3030984,-6208.124786153544
1772933740.303113,1742.9548727374747
1772933740.3031287,14365.164947850508
1772933740.30314,8337.668518963075
1772933740.3031497,-25103.078995364922
1772933740.3031583,-62217.29684929796
1772933740.303167,-67690.27562697112
1772933740.3031757,-33893.810491066564
1772933740.303184,8473.920391146254
1772933740.3031924,23226.491203929367
1772933740.3032007,7005.936601693258
1772933740.3431735,-11865.29485619846
1772933740.3431947,-9670.49289226078
1772933740.343204,6344.458655697109
1772933740.343212,12853.446663212759
1772933740.34322,2637.2072299913093
1772933740.343228,-8236.678750388726
1772933741.3122036,-4809.513131795615
1772933741.3122356,6746.563226078957
1772933741.3122473,9317.285260066568
1772933741.3122573,-85.45029550385662
1772933741.3122675,-6960.45486728004
1772933741.3122768,-1210.475576086007
1772933741.312286,7994.066801025882
1772933741.3122952,6200.867830387887
1772933741.3123035,-3986.634187925408
1772933741.3123121,-5987.121288933204
1772933742.404709,4920.181553823025
1772933742.4388664,2906.8743418745385
1772933742.4389052,14536.59050026617
1772933742.4389188,7831.1795697571415
1772933742.4389288,-8532.825022431816
1772933742.4389403,-12040.180617788186
1772933742.4389508,2938.8777655067993
1772933742.43896,16439.6254215996
1772933742.4389691,9252.946654424864
1772933743.002134,-10230.407049797715
1772933743.0021644,-15413.437678914055
1772933743.002176,2812.212759170913
1772933743.0021865,21467.816750615686
1772933743.0021963,13565.931972735803
1772933743.002205,-14898.515191923829
1772933743.002214,-27444.182274466766
1772933743.0022235,304.8862724687308
1772933743.0022323,48604.419326717616
1772933744.0966458,2629.33254303448
1772933744.0966887,-4354.578526834778
1772933744.096701,-1877.3249140989324
1772933744.0967119,6620.729310214252
1772933744.0967212,9270.704111802157
1772933744.0967305,2329.9930766029634
1772933744.0967388,-4541.577321141695
1772933744.0967467,-1710.8392501102778
1772933744.0967555,6942.175883394407
1772933744.096766,9336.392462582351
1772933744.0967746,2035.7505833339897
1772933744.0967827,-4831.9718093681
1772933744.0967913,-1607.393021436554
1772933744.096804,7335.580201880053
1772933744.0968168,9512.251502702722
1772933744.0968251,1730.7593271506908
1772933744.096836,-5248.9723561067585
1772933744.0968456,-1571.6826507595765
1772933744.0968547,7824.297551941909
1772933744.0968633,9822.628080533452
1772933744.0968711,1414.1966977076625
1772933744.5948074,-5788.825913570076
1772933744.6458564,-1632.3814763700711
1772933744.645885,8475.751097128923
1772933744.6458948,10357.9049037838
1772933744.645903,1036.2717222588008
1772933744.6459107,-6714.832344852315
1772933744.6459184,-1821.7448527431502
1772933744.6459265,9340.779637443566
1772933744.6459336,11197.918030907367
1772933744.6459413,612.1985926638225
1772933744.645949,-8025.483970887736
1772933744.6459565,-2251.6036259616035
1772933744.9511197,10658.915462509345
1772933744.9812372,12642.788178309249
1772933744.9812565,125.59336469742574
1772933744.981266,-10203.569681403445
1772933744.9812746,-3243.092404138261
1772933745.0605824,-42936.21475515713
1772933745.0606031,1898.4192289650425
1772933745.0606136,8208.16954912941
1772933745.0606227,-28803.187782897763
1772933745.060634,-62246.06139360244
1772933745.475288,3372.4214624771903
1772933745.4753306,804.9982583787632
1772933745.475347,-1381.7208295932207
1772933745.4753587,-1020.7388908725064
1772933745.475369,4068.2791698678902
1772933745.4753835,9045.719582840537
1772933745.4753983,6055.022485916901
1772933745.4754107,-3420.3765722500516
1772933745.4754193,-6983.536169058311
1772933745.475428,2781.78037166524
1772933745.4754367,15038.74994499913
1772933745.4754455,11591.812513998322
1772933745.475454,-7828.305726928098
1772933745.475463,-19186.61996874476
1772933745.5565605,-58529.95447819115
1772933745.55658,-21742.78559548166
1772933745.5565891,10761.107528711851
1772933745.5565975,15166.333045748099
1772933745.623856,2013.6488831037955
1772933745.6238737,-3127.1490445027557
1772933745.6238801,5860.638846244473
1772933745.6238856,11480.22447918095
1772933745.6238909,1809.2629264032864
1772933745.623896,-9009.136352969961
1772933745.6239004,245.3647976154592
1772933745.623906,23050.82799575217
1772933745.6239111,23660.620052882026
1772933745.623916,-21838.604699378717
1772933745.780498,60106.03759013857
1772933745.7805266,39783.477325592416
1772933745.7805364,13426.649399853071
1772933745.7805474,-11357.702448292823
1772933745.780557,-34466.48825785386
1772933745.7805655,-51847.275034031234
1772933746.2394445,13244.739167373706
1772933746.2394764,814.4703699247185
1772933746.239484,-7654.1719949774815
1772933746.2394893,-2243.5243836715445
1772933746.2394948,8656.326008220081
1772933746.2395,10633.939206636644
1772933746.2395048,1719.747209100157
1772933746.2395103,-5926.974404064586
1772933746.2395148,-2231.485621636821
1772933746.2395198,7776.312646606831
1772933746.2395248,10665.882856962988
1772933746.23953,2313.188516250126
1772933746.2395349,-6318.899275370918
1772933746.2395399,-3277.4447091646093
1772933746.2395444,8177.071678752184
1772933746.2395492,12745.639136287478
1772933746.239554,2936.3050747812113
1772933746.2395587,-9475.965181149424
1772933746.2395635,-6759.507328122683
1772933746.239568,11151.47089374949
1772933746.239573,22264.87574116241
1772933746.2395775,5724.791903475245
1772933746.2395828,-32600.614767522296
1772933746.2395904,-62461.294885056705
1772933746.4000778,-58783.94202090539
1772933746.459314,-92825.63608306447
1772933746.4593549,-33098.16818287096
1772933746.4593668,18872.46243551936
1772933746.4593759,32425.126955217143
1772933746.459385,10626.875359519654
1772933746.4593928,-17163.664818160483
1772933746.459401,-21655.90755283071
1772933746.459409,4175.143331698252
1772933746.459417,42453.14399695297
1772933746.4594254,66171.13802305987
1772933746.7876503,59884.55000645778
1772933746.787678,30888.121036202287
1772933746.7876894,1291.20613142097
1772933746.9965446,114897.55382214107
1772933747.0256095,34693.77381629262
1772933747.0256515,20537.746507095264
1772933747.0256634,-4088.1847924377294
1772933747.0256736,-36047.72948130341
1772933747.0256832,-58507.662975672705
1772933747.2394881,-53228.61894513031
1772933747.2395096,-28999.64283632612
1772933747.2395191,-2128.5860144695007
1772933747.2395277,11793.25751323175
1772933747.2395356,10486.07336077997
1772933747.2395437,2410.696978214219
1772933747.2395515,-4116.855969934016
1772933747.2395592,-6374.603869768091
1772933747.2395692,-3635.139749170816
1772933747.2395785,6512.959749298069
1772933747.2395864,25016.460441006908
1772933747.2395954,46561.25452785285
1772933747.239604,61864.693574885656
1772933747.2396116,65522.9777792758
1772933747.2396193,59270.40363483375
1772933747.879136,-8857.161980740582
1772933747.8791687,15317.72165271528
1772933747.8791807,16319.169159425983
1772933747.8791914,-23139.889734387336
1772933747.8792007,-67219.70360425777
1772933747.9302793,-59610.56693289888
1772933747.9303014,-15384.188381158143
1772933747.9303112,13732.788112615244
1772933747.93032,-6855.87539515267
1772933747.9303284,-52925.09789491226
1772933747.9303367,-70487.60077064512
1772933747.930345,-38464.8309748613
1772933747.930353,10075.03364103219
1772933747.9303613,29615.306853308866
1772933747.9303691,12732.405756429744
1772933748.7938552,-9487.209028123621
1772933748.793886,-9472.337350712416
1772933748.7938955,6662.932039833909
1772933748.7939029,15072.163763113607
1772933748.7939095,7247.787609269062
1772933748.7939167,-3038.5719873664525
1772933748.793924,-2214.7405125791406
1772933748.793934,5744.258556746482
1772933748.7939432,8618.21525659373
1772933748.7939496,4268.034585129658
1772933748.7939584,1136.6098902265765
1772933748.7939663,3355.831790597859
1772933748.7939725,5017.714334546391
1772933749.7979567,17412.465116584495
1772933749.7979815,8922.085363758013
1772933749.7979908,-7785.026099189474
1772933749.7979991,-9514.805923223648
1772933749.7980075,8682.790905849246
1772933749.798015,24286.703763706624
1772933749.7980232,11668.772708825605
1772933749.7980309,-27726.151751439542
1772933749.7980385,-63476.072298649255
1772933749.9033785,5771.752932538916
1772933749.9034207,9120.454719302565
1772933749.9034328,3082.1618313991357
1772933749.9034424,-3508.8694736989773
1772933749.9034512,-1540.5830328385753
1772933749.9034595,5807.684158639207
1772933749.903468,8093.16505635878
1772933749.9034767,2417.396627913997
1772933749.9034865,-2937.7717073756894
1772933749.9034944,-549.7195341692213
1772933749.9035025,5875.680959450712
1772933749.90351,7209.797762850616
1772933750.141399,1750.0968766342055
1772933750.141424,-2395.5078993282
1772933750.1414356,486.01676742557436
1772933750.6574855,72144.20931287823
1772933750.657519,33866.52276906259
1772933750.6575348,-11007.17302947338
1772933750.657545,-21085.220475575858
1772933750.6575541,2452.9617689523157
1772933750.657563,20115.515363867296
1772933750.6575716,5771.515197108361
1772933750.65758,-19162.561258773098
1772933750.657588,-13078.98203976108
1772933750.657596,30935.982975936742
1772933750.6576052,72459.75358341802
1772933751.0752454,69856.77208504076
1772933751.4055634,24145.07706997105
1772933751.4055905,-19753.887657753305
1772933751.4056013,-14515.288336191752
1772933751.40561,17558.571773081705
1772933751.405619,20868.79263178319
1772933751.4056275,-22884.056699709723
1772933751.4056356,-71546.20658929029
1772933751.4056437,-73532.23165239202
1772933751.4056516,-28300.704307193588
1772933751.4056597,16352.319262280085
1772933751.4056675,21980.560138036566
1772933751.6153953,-8589.374810099798
1772933751.615428,-14732.082841453723
1772933751.6154385,7426.888563861412
1772933751.6154473,21554.377469368115
1772933751.6154556,4455.8041360369325
1772933751.615466,-18690.53714852844
1772933751.6154764,-9594.579785908862
1772933751.6154847,24829.0903150078
1772933751.6154943,32410.44934731628
1772933751.6155035,-20086.589801856095
1772933751.6155114,-98525.26197152658
1772933751.6155195,-132545.48735619875
1772933751.6155276,-91791.90601905435
1772933751.6155355,-17219.02170314949
1772933751.6155434,26795.67722767251
1772933751.6155512,19559.39726564168
1772933751.6155589,-5928.480013282424
1772933751.6155665,-11713.932736301982
1772933751.615574,3139.058932840417
1772933751.6155818,13333.917583514716
1772933751.6155894,6163.696716933167
1772933751.6155972,-4965.922090336453
1772933751.615605,-3774.4674396476616
1772933751.6156127,6225.705315464401
1772933751.669619,-49449.932508378
1772933751.66964,-52612.45138315269
1772933751.66965,-33728.8613735427
1772933751.669658,-4055.179409916009
1772933751.669666,17822.700611473363
1772933751.669674,21670.0023759896
1772933751.6696815,10740.270015371016
1772933751.6696894,-7244.823536747742
1772933751.6696968,-28048.901531985946
1772933751.6697044,-46906.60665660893
1772933752.1375744,17703.644582534173
1772933752.1376176,2496.8160210143237
1772933752.1376288,-14333.024289887131
1772933752.1376421,-13150.278763632228
1772933752.1376524,9181.486382283869
1772933752.1376617,38936.17877160134
1772933752.1376708,58406.208336828626
1772933752.9198575,57183.56401508951
1772933752.9198773,36632.9889392747
1772933752.9198868,8300.498753667436
1772933753.6398945,48926.69416825766
1772933753.639928,14605.013214383029
1772933753.6399417,-3096.991162630519
1772933753.6399524,744.9902353569483
1772933753.6399636,6942.841072959998
1772933753.6399739,799.2356897103731
1772933753.639983,-8356.338312557273
1772933753.639993,-3596.3027225047576
1772933753.6400025,11368.69865686021
1772933753.6400113,14074.956356042467
1772933753.6400204,-4421.699720994525
1772933753.64003,-21268.424378601903
1772933753.640039,-6630.117345033946
1772933753.6400485,36839.99836290273
1772933753.640057,71292.38517382566
1772933754.243297,61417.29079297918
1772933754.2433279,32366.391163376145
1772933754.2433407,-1112.8395130482688
1772933754.2433512,-16329.221098664722
1772933754.243366,-9831.419977535304
1772933754.243379,4907.452144548551
1772933754.2433891,12019.168089008834
1772933754.2434018,5136.734534448904
1772933754.2434127,-9253.6520242144
1772933754.243423,-15945.109011260918
1772933754.2434318,-1756.682929624104
1772933754.2434409,31127.01690315972
1772933754.2434504,61347.68694025379
1772933754.2434597,63797.96273919629
1772933754.2434692,34126.653623353704
1772933754.243479,-3783.9274382248345
1772933754.2434876,-19798.926485055847
1772933754.2434964,-7710.028960144849
1772933754.2435055,10440.04816834442
1772933754.2435143,11412.320427824476
1772933754.2435236,-2985.955381144136
1772933754.2435324,-11739.034069187306
1772933754.2435412,-3523.415063275328
1772933754.2435503,9158.37662199516
1772933754.2435596,8219.85235497815
1772933754.2435684,-4830.958681347721
1772933754.2435777,-11136.564532120125
1772933754.2435863,-1111.940443431288
1772933754.2435951,11318.953821521238
1772933754.4852598,8849.437134571828
1772933754.4853036,-7685.600285561474
1772933754.485335,-16333.776557213814
1772933754.4853554,-3508.276567846725
1772933754.485366,14563.895639106739
1772933754.4853768,11691.29389871182
1772933754.485386,-12152.318691894003
1772933754.485396,-26271.82995352504
1772933754.4854052,-5112.593738048246
1772933754.485414,38958.24451605333
1772933754.4854224,67090.5947754436
1772933754.4854307,56218.877176017006
1772933754.4854393,21645.58671982246
1772933754.4854472,-4323.027263800436
1772933754.4854553,-8076.03423342277
1772933754.4854634,-2053.22149925808
1772933754.4854717,-1240.4977836308829
1772933754.4854803,-4091.8504760013348
1772933754.4854884,-1188.2177135656318
1772933754.4854963,5698.1315550193885
1772933754.4855044,4146.8571126215975
1772933754.4855125,-8936.866983564163
1772933754.4855208,-17314.09682983114
1772933754.4855287,-2450.996967723921
1772933754.4855373,32083.96917409244
1772933754.4855452,60108.16454547045
1772933754.4855535,58560.57674043575
1772933754.4855616,30195.59675420705
1772933754.4855697,-1211.1650483448166
1772933754.485578,-15001.623057296616
1772933754.4855862,-9875.385198373831
1772933754.4855945,1188.0899732340476
1772933754.485603,6222.356313157403
1772933754.4856117,2843.1053782573717
1772933754.4856203,-3853.018563433951
1772933754.4856284,-7320.959208860379
1772933754.4856372,-4362.711015573777
1772933754.4856455,2270.1356152072112
1772933754.4856536,5380.412344671786
1772933754.485662,405.81441862283646
1772933754.48567,-7833.257010123812
1772933754.5896473,46030.835916087366
1772933754.5896735,30271.04096123809
1772933754.5896835,13331.334297161526
1772933754.5896919,-5822.842524763273
1772933754.5896993,-25195.88539749563
1772933754.589707,-27428.81397644108
1772933754.5897143,3778.9744222339655
1772933754.589722,52909.58493275575
1772933754.5897293,72332.01486935208
1772933755.0275023,-1709.510313482374
1772933755.0275319,18660.826048001338
1772933755.0275438,8668.619694774401
1772933755.027554,-33835.38229373647
1772933755.0275636,-72552.50095456216
1772933755.302591,-72240.84013870895
1772933755.302626,-45841.529381667846
1772933755.3026345,-122.51720418421179
1772933755.3026412,28312.29395614144
1772933755.3026478,17273.430959893376
1772933755.3026536,-18351.712800288667
1772933755.3026595,-38234.03147945699
1772933755.302671,-14056.779746507678
1772933755.3026783,43275.4857986595
1772933755.3026838,93960.21612242577
1772933755.8408442,11798.649508655371
1772933755.8408587,-45959.96742288289
1772933770.6102233,-144310.2534859606
1772933770.6102457,-200517.93475560125
1772933770.6102557,-217762.76354154284
1772933770.6102645,-200005.07341058392
1772933770.6102731,-151755.06219800294
1772933770.6263232,-84779.39532869204
1772933770.6423647,-196510.28023495976
1772933770.658432,-205627.57634372552
1772933770.658471,-162374.4986567392
1772933770.6744556,-87719.78778838503
1772933770.995765,-141257.47465667568
1772933772.3131194,-83030.53723519269
1772933773.3062272,-198768.4239653467
1772933773.306254,-210314.19095508626
1772933773.3222835,-153905.03670241186
1772933773.35441,-151935.45961033096
1772933773.3704844,-80343.61927266992
1772933773.39861,-183933.68875570025
1772933773.398644,-197120.66153446617
1772933773.3986533,-160197.22461082562
1772933773.3986607,-74041.68869848608
1772933774.0251453,-125715.95409822061
1772933781.351381,-77636.26163006669
1772933786.179248,-186936.8777629731
1772933786.179276,-151492.9783253385
1772933786.1792872,-72564.2209836839
1772933786.302704,-161544.3026739666
1772933786.3027377,-176750.31644512422
1772933786.3027496,-173611.45618557287
1772933786.3027596,-135182.68605055503
1772933787.7164285,-76435.25169927443
1772933788.104066,-164704.50988644102
1772933788.1040916,-152420.5487614998
1772933788.1041,-139933.92143829854
1772933788.104108,-147376.43263166767
1772933788.1041152,-169975.5321594688
1772933788.1041222,-176166.5553085798
1772933788.104128,-138941.40158228806
1772933788.1041336,-66106.44120805335
1772933788.3812656,-137585.5723293791
1772933788.381291,-149078.76116475023
1772933788.3813007,-167575.42576101585
1772933788.3813102,-166015.77246802373
1772933788.3813188,-125494.63747683275
1772933792.1888475,-141753.85893471146
1772933792.2120087,-162940.24021423538
1772933792.212083,-167272.42067235924
1772933792.2120924,-130383.50105580404
1772933792.2121089,-59669.54180639881
1772933794.1398983,-130821.60775314734
1772933794.1559744,-62497.59852138597
1772933795.2965477,-122665.4338206483
1772933795.489403,-56819.215753967874
1772933796.935382,-119344.96481708848
